<?xml version="1.0" encoding="UTF-8"?> 
<project>                                  
  <executable name="C program.elf">                 
    <memory name="program">              
      <units>bytes</units>                 
      <length>65536</length>                 
      <used>10242</used>                     
      <free>55294</free>                     
    </memory>                              
    <memory name="data">                 
      <units>bytes</units>                 
      <length>4096</length>                 
      <used>4</used>                     
      <free>4092</free>                     
    </memory>                              
  </executable>                            
</project>                                 
